spectrumfile,SN,host_z,z,m15,spec_type,Mv_peak,instrument,obsdate,phase,un_p,filter,SNR,exptime(s),exptime_total,shift,width,comments,m
2015F_LDSS3_20160310.txt,2015F,Y,0.00489,---,Ia,-18.2,LDSS3,3/10/2016,348,,g,5,3*1800,5400,-1743,6850,--,"ccd0069c1; (635, 2778)"
2015I_LDSS3_20160310.txt,2015I,Y,0.007589,---,Ia,-18.6,LDSS3,3/10/2016,301,,g,11,4*1800,7200,-1047,5969,--,"ccd0043c1; (635, 2777)"
2015aw_IMACS_20160310.txt,2015aw,Y,0.01962,---,Ia,-19.1,IMACS,3/10/2016,231,,V,21,3*1200,3600,-43,6611,--,"ift0117c8; (394,1973)"
2015bd_LDSS3_20160310.txt,2015bd,Y,0.018606,---,Ia,-19.4,LDSS3,3/10/2016,109,,g,21,2*1200,2400,-1150,9292,--,"ccd0081c1; (702, 2774)"
2015bd_LDSS3_20160605.txt,2015bd,Y,0.018606,---,Ia,-19.4,LDSS3,6/5/2016,196,,g,3,4*1800,7200,-1439,7800,--,"ccd2049c1; (699, 2133)"
ASASSN-15hx_IMACS_20160310.txt,ASASSN-15hx,Y,0.0081,1,Ia,---,IMACS,3/10/2016,306,,V,14,3*1800,5400,-1680,8929,--,"ift0068c8; (394, 1933)"
ASASSN-15jo_LDSS3_20160310.txt,ASASSN-15jo,N,0.011,1.8,Ia,-18.2,LDSS3,3/10/2016,289,,g,4,2*1800,3600,301,6962,--,"ccd0057c1;(696,2775)"
ASASSN-15kg_IMACS_20160310.txt,ASASSN-15kg,Y,0.014257,1.6,Ia,-18.7,IMACS,3/10/2016,271,,V,2,1800+1433+1118,4351,3062,1308,--,"ift0134c8; (480, 1959)"
ASASSN-15kp_IMACS_20160310.txt,ASASSN-15kp,Y,0.017402,1,Ia,-18.9,IMACS,3/10/2016,269,,V,12,4*1800,7200,-1230,6874,--,"ift0052c8; (558, 2016)"
ASASSN-15pl_LDSS3_20160310.txt,ASASSN-15pl,Y,0.016165,1.3,Ia,-19.2,LDSS3,3/10/2016,169,,g,18,1800+1500,3300,-727,6745,--,"ccd0034c1; (639,2783)"
ASASSN-15pz_IMACS_20160310.txt,ASASSN-15pz,Y,0.014903,0.7,Ia,-19.8,IMACS,3/10/2016,150,,V,12,2*900,1800,-2553,1633,--,--
ASASSN-15pz_LDSS3_20160605.txt,ASASSN-15pz,Y,0.014903,0.7,Ia,-19.8,LDSS3,6/5/2016,237,,r,6,2*1200,2400,2777,7202,--,22.9
J114925_IMACS_20160310.txt,J114925,Y,0.0056,---,Ia,-18.6,IMACS,3/10/2016,237,,V,17,3*1800,5400,-1532,6964,--,"ift0039c8; (561,2023)"
---,ASASSN-15hf,Y,0.006178,---,Ia,-17.8,IMACS,3/12/2016,322,,V,---,2*1800,3600,---,---,--,--
J103747_IMACS_20160312.txt,J103747,Y,0.007562,---,Ia,---,IMACS,3/12/2016,165,1,V,12,4*1800,7200,1070,9689,--,"ift0275c8; (564, 2022)"
J150530_IMACS_20160312.txt,J150530,Y,0.004069,1.7,Ia,-17.3,IMACS,3/12/2016,347,,V,4,4*1800,7200,-1740,7873,--,"ift0283c8; (562, 2021)"
2016adi_LDSS3_20160605.txt,2016adi,Y,0.014897,1.5,Ia,-18.8,LDSS3,6/5/2016,110,,r,17,2*1800,3600,-1030,7700,--,20.2
2016adi_IMACS_20160823.txt,2016adi,Y,0.014897,1.5,Ia,-18.8,IMACS,8/23/2016,189,,r,22,3*2400,7200,-1041,7812,--,21.8
2016adi_IMACS_20160904.txt,2016adi,Y,0.014897,1.5,Ia,-18.8,IMACS,9/4/2016,201,,V,6,2*2000,4000,2936,1800,--,21.2
ASASSN-15rq_LDSS3_20160605.txt,ASASSN-15rq,Y,0.023,0.8,Ia,-19.7,LDSS3,6/5/2016,220,,g,8,4*1800,7200,-3653,4830,--,"ccd2082c1; (699, 2135)"
ASASSN-15us_LDSS3_20160605.txt,ASASSN-15us,Y,0.005839,---,Ia,-17.8,LDSS3,6/5/2016,156,,r,14,2*1800,3600,-1134,7561,--,"ccd2068c1; (699, 2136), 18.6"
ASASSN-15us_LDSS3_20161223.txt,ASASSN-15us,Y,0.005839,---,Ia,-17.8,LDSS3,12/23/2016,357,,r,4,3*1200,3600,-2061,8637,--,--
J215050_LDSS3_20160605.txt,J215050,Y,0.012335,1.6,Ia,-18.6,LDSS3,6/5/2016,183,,g,2,1800+1200,3000,-605,7109,--,"ccd2062c1; (698, 2132)"
ASASSN-15uh_LBT_20160614.txt,ASASSN-15uh,Y,0.0149,0.8,Ia,-18.5,LBT,6/14/2016,165,,r,19,3x1200,---,129,5833,observed with both mods1 and mods2,"V = 20.2; (1564, 1584), m_r ~ 20.7"
2016bry_GTC_20160804.txt,2016bry,Y,0.016024,---,Ia,-18.7,GTC,8/4/2016,92,,r,19,2*900,1800,-511,6423,--,19.2
2016bry_LBT_20161118.txt,2016bry,Y,0.016024,---,Ia,-18.7,LBT,11/18/2016,198,,--,3,--,---,534,5919,--,--
ASASSN-16eq_GTC_20160804.txt,ASASSN-16eq,Y,0.01431,---,Ia,-19.5,GTC,8/4/2016,98,,r,14,2*1200,2400,-1509,7156,--,19.5
ASASSN-16eq_LBT_20161118.txt,ASASSN-16eq,Y,0.01431,---,Ia,-19.5,LBT,11/18/2016,204,,--,2,--,---,2007,392,--,--
Gaia16alq_GTC_20160804.txt,Gaia16alq,Y,0.02431,1,Ia,-18.7,GTC,8/4/2016,93,,r,23,2*900,1800,140,6598,--,19.4
ASASSN-16ad_GTC_20160805.txt,ASASSN-16ad,Y,0.016138,---,Ia,-19.7?,GTC,8/5/2016,204,1,r,17,2*1800,3600,-200,5800,--,20.9
ASASSN-16bn_GTC_20160807.txt,ASASSN-16bn,Y,0.023166,1.1,Ia,-19.2,GTC,8/7/2016,180,,r,15,2*1800,3600,-1121,7400,--,21.9
ASASSN-16bn_GTC_20160811.txt,ASASSN-16bn,Y,0.023166,1.1,Ia,-19.2,GTC,8/11/2016,184,,r,15,2*1800,3600,-1049,7181,--,21.9
2016brx_GTC_20160813.txt,2016brx,Y,0.010167,---,Ia-91bg,-17.1?,GTC,8/13/2016,116,1,r,10,2*1800,3600,-2141,3605,--,19.1
2016brx_LDSS3_20161020.txt,2016brx,Y,0.010167,---,Ia-91bg,-17.1?,LDSS3,10/20/2016,184,1,r,11,7*1800,12600,-2239,3088,--,22.8
ASASSN-16fd_GTC_20160813.txt,ASASSN-16fd,Y,0.023906,---,Ia,-18.9?,GTC,8/13/2016,95,1,r,16,2*900,1800,-2010,6360,--,19.5
ASASSN-16cu_IMACS_20160823.txt,ASASSN-16cu,Y,0.011128,---,Ia,-16.5?,IMACS,8/23/2016,170,1,r,16,2*2400+3*1800,10200,-1610,7179,--,20.9
ASASSN-16cu_IMACS_20160904.txt,ASASSN-16cu,Y,0.011128,---,Ia,-16.5?,IMACS,9/4/2016,182,1,--,21,1800+6*2000,13800,-1924,7627,--,--
2016bfu_IMACS_20160904.txt,2016bfu,Y,0.010404,---,Ia-91bg,-17.6,IMACS,9/4/2016,169,,--,5,2000+898,2898,-1703,3047,--,"ift0106c8; (510, 1981)"
2016bfu_LDSS3_20161020.txt,2016bfu,Y,0.010404,---,Ia-91bg,-17.6,LDSS3,10/20/2016,215,,--,10,7*1800,12600,-2213,3081,--,--
2015ar_GTC_20160921.txt,2015ar,Y,0.017442,1.6,Ia,-19.2,GTC,9/21/2016,301,,r,3,2*1800 + 2*1800,7200,-458,8502,--,23
ASASSN-16cs_GTC_20160921.txt,ASASSN-16cs,Y,0.018019,---,Ia,-19.1,GTC,9/21/2016,184,,r,15,1*1800,1800,-1678,6741,--,21.7
---,ASASSN-16fj,Y,0.018313,---,Ia,-18.6,LBT,10/30/2016,158,,r,---,--,---,---,---,--,"mods1r.20161030.0011(1518,1584)"
2016coj_LBT_20161118.txt,2016coj,Y,0.004483,---,Ia,-18.7,LBT,11/18/2016,162,,--,32,3*900,---,-526,9292,observed with only mods1,m_r ~ 18.3
2016eqa_LBT_20161118.txt,2016eqa,Y,0.014957,---,Ia-91bg,-16.2?,LBT,11/18/2016,105,1,--,5,--,---,75,3104,--,--
ASASSN-16dn_LDSS3_20161222.txt,ASASSN-16dn,Y,0.01285,1,Ia,-18.9,LDSS3,12/22/2016,254,,r,11,3*1200,3600,-991,7347,--,22
ASASSN-16fl_LDSS3_20161222.txt,ASASSN-16fl,Y,0.029444,---,Ia,-19.1?,LDSS3,12/22/2016,211,1,r,0,3*1200,3600,---,---,--,22.7
ASASSN-16hh_LDSS3_20161222.txt,ASASSN-16hh,Y,0.0303,1.2,Ia,-19.2,LDSS3,12/22/2016,149,,r,13,2*1800,3600,-1756,6514,--,21.4
ASASSN-16hh_LDSS3_20161223.txt,ASASSN-16hh,Y,0.0303,1.2,Ia,-19.2,LDSS3,12/23/2016,150,,r,15,1*1800,1800,-1770,6093,--,21.4
2016dag_LDSS3_20161223.txt,2016dag,Y,0.01928,---,Ia,-17.6?,LDSS3,12/23/2016,167,1,r,18,5*1200,6000,-185,7811,low luminosity? similar to 17fzw?,21.7
ASASSN-16gp_LDSS3_20161223.txt,ASASSN-16gp,Y,0.0165,---,Ia,-17.6,LDSS3,12/23/2016,179,,r,6,3*1200,3600,1800,7258,--,21.7
2016bln_GTC_20170124.txt,2016bln,Y,0.023279,0.7,Ia,-19.2,GTC,1/24/2017,271,,r,3,2*1800,3600,---,---,--,--
2016ccz_GTC_20170127.txt,2016ccz,Y,0.01489,1.1,Ia,-18.7,GTC,1/27/2017,239,,r,17,2*1800,3600,---,---,--,--
2016gwl_IMACS_20170218.txt,2016gwl,Y,0.008763,---,Ia,-17.2,IMACS,2/18/2017,161,,r,20,2*1800,3600,-1871,6770,--,19.8
2016gwl_IMACS_20170306.txt,2016gwl,Y,0.008763,---,Ia,-17.2,IMACS,3/6/2017,177,,r,12,3*1800,5400,-2056,6653,--,"ift0065c8; (512,1962)"
ASASSN-16hp_IMACS_20170218.txt,ASASSN-16hp,Y,0.008663,1.2,Ia,-18.7,IMACS,2/18/2017,195,,r,21,1800+1000,2800,-226,5772,--,20.2
ASASSN-16kz_IMACS_20170218.txt,ASASSN-16kz,Y,0.00965,1.2,Ia,-18.7,IMACS,2/18/2017,128,,r,30,3*1200,3600,-327,6231,--,--
ASASSN-16kz_LDSS3_20170321.txt,ASASSN-16kz,Y,0.00965,1.2,Ia,-18.7,LDSS3,3/21/2017,159,,r,27,2*1500,3000,-291,6400,--,"ccd0070c1; (629,2797), m_r ~ 19.7"
OGLE16dha_IMACS_20170218.txt,OGLE16dha,Y,0.0145,---,Ia,-17.1,IMACS,2/18/2017,132,,r,21,2*1500,3000,2186,6381,--,18.7
OGLE16dha_LDSS3_20170321.txt,OGLE16dha,Y,0.0145,---,Ia,-17.1,LDSS3,3/21/2017,163,,r,22,2*1500,3000,2235,6693,--,"ccd0093c1; (702,2783), m_r ~ 19.6"
ASASSN-16mv_IMACS_20170224.txt,ASASSN-16mv,Y,0.018556,1.3,Ia,-17.7,IMACS,2/24/2017,108,,R,14,3*1800,5400,-332,5692,--,--
---,2016ehy,N,0.045,---,Ia,---,LBT,2/28/2017,237,,--,---,--,---,---,---,--,--
2016ffh_LBT_20170228.txt,2016ffh,Y,0.018204,1,Ia,-19,LBT,2/28/2017,179,,--,21,--,---,---,---,--,--
2016fnr_LBT_20170228.txt,2016fnr,Y,0.014367,---,Ia,-18.6,LBT,2/28/2017,162,,--,23,--,---,---,---,--,--
ASASSN-16lx_LBT_20170228.txt,ASASSN-16lx,Y,0.018596,1.2,Ia,-19,LBT,2/28/2017,132,,--,21,--,---,---,---,--,--
2016iil_IMACS_20170306.txt,2016iil,Y,0.0289,1.2,Ia,-18.6,IMACS,3/6/2017,133,,r,15,5*1800,9000,-1130,7000,--,"ift0056c8; (530,1975)"
ASASSN-16lc_IMACS_20170306.txt,ASASSN-16lc,Y,0.0206,1,Ia,-18.3,IMACS,3/6/2017,150,,r,18,1*1800,1800,1855,5871,--,20.4
ASASSN-16lc_LDSS3_20170321.txt,ASASSN-16lc,Y,0.0206,1,Ia,-18.3,LDSS3,3/21/2017,165,,r,18,2*1800,3600,2131,5752,--,"ccd0120c1; (693,2781), m_r ~ 20.8"
P11053380_IMACS_20170306.txt,P11053380,Y,0.031599,---,Ia,-18.6?,IMACS,3/6/2017,135,,r,25,4*1800,7200,-33,7073,--,21.1
2016hvl_LDSS3_20170321.txt,2016hvl,Y,0.013902,1.3,Ia,-18.4,LDSS3,3/21/2017,121,,r,19,2*1800,3600,-475,9246,--,"ccd0063c1; (693, 2781), m_r = 19.4"
ASASSN-16no_LDSS3_20170321.txt,ASASSN-16no,Y,0.020708,---,Ia,-18.3,LDSS3,3/21/2017,110,,r,14,1*1800,1800,-924,6817,--,"ccd0084c1; (701,2782)"
2016jae_LDSS3_20170321.txt,2016jae,N,0.021,1.9,Ia,-17.9,LDSS3,3/21/2017,80,,r,12,2*1800,3600,-884,3800,--,"ccd0102c1; (702,2781), m_r ~ 20.6"
ASASSN-16jc_LDSS3_20170321.txt,ASASSN-16jc,Y,0.010914,0.8,Ia,-19.5,LDSS3,3/21/2017,195,,r,20,3*1800+1800,7200,-745,8083,--,"ccd0129c1; (697,2781), m_r ~ 20"
2016gfr_GTC_20170329.txt,2016gfr,Y,0.01669,0.9,Ia,-18.7,GTC,3/29/2017,185,,,27,,,,,,
2016iuh_GTC_20170501.txt,2016iuh,Y,0.013696,1.6,Ia-91bg,-18.3,GTC,5/1/2017,134,,,22,,,,,,
ASASSN-16jf_LDSS3_20170502.txt,ASASSN-16jf,Y,0.011441,1.6,Ia,-18.6,LDSS3,5/2/2017,244,,,5,3*1800,,,,,
2016gwl_LDSS3_20170502.txt,2016gwl,Y,0.008763,---,Ia,---,LDSS3,5/2/2017,216,,,12,4*1800,,,,,m_r ~ 21.8
ASASSN-16oq_LDSS3_20170502.txt,ASASSN-16oq,Y,0.01992,---,Ia,-19.5,LDSS3,5/2/2017,152,,,29,3*1800,,,,,m_r ~ 20.3
ASASSN-16mv_LDSS3_20170502.txt,ASASSN-16mv,Y,0.018556,1.3,Ia,-17.7,LDSS3,5/2/2017,175,,,7,3*1200,,,,,
2016hpw_LDSS3_20170502.txt,2016hpw,Y,0.02117,1,Ia,-18.7,LDSS3,5/2/2017,172,,,11,,,,,,
2016jae_GTC_20170518.txt,2016jae,N,0.021,1.9,Ia,-17.9,GTC,5/18/2017,138,,,4,,,,,,
ASASSN-16lx_GTC_20170518.txt,ASASSN-16lx,Y,0.018596,1.2,Ia,-19,GTC,5/18/2017,211,,,11,,,,,,
ASASSN-17bu_LDSS3_20170520.txt,ASASSN-17bu,Y,0.015584,---,Ia,-18.7,LDSS3,5/20/2017,99,,,16,2*900,,,,,18.6
2017cbr_LDSS3_20170520.txt,2017cbr,Y,0.017271,---,Ia,-18.6,LDSS3,5/20/2017,60,,,30,2*900,,,,,18.1
ASASSN-16oq_LDSS3_20170520.txt,ASASSN-16oq,Y,0.01992,---,Ia,-19.5,LDSS3,5/20/2017,170,,,19,3*1800,,,,,20.7
ASASSN-16lc_LDSS3_20170520.txt,ASASSN-16lc,Y,0.0206,1,Ia,-18.3,LDSS3,5/20/2017,225,,,11,4*1800,,,,,m_r ~ 22
2016iuh_LBT_20170527.txt,2016iuh,Y,0.013696,1.6,Ia-91bg,-18.3,LBT,5/27/2017,160,,,22,6*1200,,,,observed with both mods1 and mods2 ,m_r ~ 21
2016gxp_LBT_20170528.txt,2016gxp,Y,0.017849,1.1,Ia,-19.7,LBT,5/28/2017,213,,,14,3*1200,,,,observed with only mods1,m_r ~ 20.7
ASASSN-17cz_LBT_20170528.txt,ASASSN-17cz,Y,0.017382,---,Ia,---,LBT,5/28/2017,94,,,27,3*900,,,,observed with only mods1,19.1
ASASSN-17co_GTC_20170619.txt,ASASSN-17co,Y,0.018056,---,Ia,-18.6,GTC,6/19/2017,115,,,29,,,,,,
2016gxp_GTC_20170620.txt,2016gxp,Y,0.017849,1.1,Ia,-19.7,GTC,6/20/2017,236,,,15,,,,,,
2016gfr_GTC_20170620.txt,2016gfr,Y,0.01669,0.9,Ia,-18.7,GTC,6/20/2017,268,,,4,,,,,,
2017jl_GTC_20170715.txt,2017jl,Y,0.016331,0.7,Ia,-19.3,GTC,7/15/2017,165,,,16,,,,,,
2017dei_LDSS3_20170720.txt,2017dei,Y,0.019804,1.9,Ia,-18.3,LDSS3,7/20/2017,84,,,22,1*1800,,,,,20
2016hpw_LDSS3_20170720.txt,2016hpw,Y,0.02117,1,Ia,-18.7,LDSS3,7/20/2017,251,,,5,4*1800,,,,,
ASASSN-17cs_LDSS3_20170720.txt,ASASSN-17cs,Y,0.01616,---,Ia,-19.7,LDSS3,7/20/2017,137,,,28,1*1700,,,,,
2017cbv_LDSS3_20170720.txt,2017cbv,Y,0.00399,1,Ia,---,LDSS3,7/20/2017,116,,,22,1*900,,,,,
2017bzc_LDSS3_20170720.txt,2017bzc,Y,0.005365,---,Ia,---,LDSS3,7/20/2017,127,,,124,1*900,,,,,
2017atv_GTC_20170803.txt,2017atv,Y,0.018479,---,Ia,-17.9,GTC,8/3/2017,165,,,13,,,,,,
2017dzs_GTC_20170810.txt,2017dzs,Y,0.017269,---,Ia,-19.3,GTC,8/10/2017,107,,,27,,,,,,
ASASSN-17hb_Palomar_20170818.txt,ASASSN-17hb,Y,0.019117,1.2,Ia,-18.9,Palomar,8/18/2017,73,,,59,1*1200,,,,,
2017cjt_Palomar_20170818.txt,2017cjt,Y,0.009376,---,Ia,---,Palomar,8/18/2017,144,,,46,1*1200,,,,,
2017ekr_Palomar_20170818.txt,2017ekr,Y,0.019914,1.5,Ia,-18.8,Palomar,8/18/2017,68,,,44,3*1200,,,,,
ASASSN-17em_Palomar_20170818.txt,ASASSN-17em,Y,0.01976,1.2,Ia,-19,Palomar,8/18/2017,127,,,21,3*1200,,,,m_r = 20.2,
2017dit_Palomar_20170818.txt,2017dit,Y,0.01859,1.2,Ia,-18.7,Palomar,8/18/2017,101,,,16,3*1200,,,,,
ASASSN-17gr_Palomar_20170819.txt,ASASSN-17gr,Y,0.016151,1.3,Ia,-18.6,Palomar,8/19/2017,76,,,29,,,,,,
2017dei_Palomar_20170820.txt,2017dei,Y,0.019804,1.9,Ia,-18.3,Palomar,8/20/2017,115,,,16,,,,,,
2017drh_Palomar_20170820.txt,2017drh,Y,0.005554,1.5,Ia,---,Palomar,8/20/2017,94,,,27,,,,,,
2017jl_Palomar_20170820.txt,2017jl,Y,0.016331,0.7,Ia,-19.3,Palomar,8/20/2017,201,,,26,,,,,,
2017bzc_LDSS3_20170826.txt,2017bzc,Y,0.005365,---,Ia,---,LDSS3,8/26/2017,164,,,177,1*1200,,,,,
ASASSN-17fr_LDSS3_20170826.txt,ASASSN-17fr,Y,0.012465,---,Ia,-18.8,LDSS3,8/26/2017,108,,,12,,,,,,
J141551_LDSS3_20170826.txt,J141551,Y,0.013753,---,Ia,-17.4,LDSS3,8/26/2017,135,,,6,,,,,,
ASASSN-17cs_LDSS3_20170826.txt,ASASSN-17cs,Y,0.01616,---,Ia,-19.7,LDSS3,8/26/2017,174,,,44,3*1200,,,,,
2017dei_LDSS3_20170826.txt,2017dei,Y,0.019804,1.9,Ia,-18.3,LDSS3,8/26/2017,121,,,32,6*1200,,,,,21.2
2017gbb_Palomar_20170916.txt,2017gbb,Y,0.010422,---,Ia,-16.7,Palomar,9/16/2017,37,,,35,,,,,,
2017dzs_Palomar_20170916.txt,2017dzs,Y,0.017269,---,Ia,-19.3,Palomar,9/16/2017,144,1,,20,,,,,,
2017ekr_Palomar_20170916.txt,2017ekr,Y,0.019914,1.5,Ia,-18.8,Palomar,9/16/2017,97,,,33,,,,,,
2017fpt_Palomar_20170919.txt,2017fpt,Y,0.01966,---,Ia,---,Palomar,9/19/2017,125,1,,18,,,,,,
2017cjt_SOAR_20170920.txt,2017cjt,Y,0.009376,---,Ia,---,SOAR,9/20/2017,177,,,15,,,,,,
2017cyy_SOAR_20170920.txt,2017cyy,Y,0.009777,1.2,Ia,---,SOAR,9/20/2017,144,,,19,,,,,,
2017ezd_SOAR_20170920.txt,2017ezd,Y,0.018076,1.2,Ia,-18.6,SOAR,9/20/2017,75,,,12,,,,,,
2017cbv_WFCCD_20170922.txt,2017cbv,Y,0.00399,1,Ia,---,WFCCD,9/21/2017,179,,,27,,,,,,
2017bzc_WFCCD_20170922.txt,2017bzc,Y,0.005365,---,Ia,---,WFCCD,9/21/2017,190,,,37,,,,,,
ASASSN-17cs_VLT_20171011.txt,ASASSN-17cs,Y,0.01616,---,Ia,-19.7,VLT,10/11/2017,220,,,23,,,,,,
2017ezd_IMACS_20171013.txt,2017ezd,Y,0.018076,1.2,Ia,-18.6,IMACS,10/13/2017,98,,,19,,,,,,
2017gbb_IMACS_20171013.txt,2017gbb,Y,0.010422,---,Ia,-16.7,IMACS,10/13/2017,64,,,24,,,,,,
---,ASASSN-17ho,Y,0.017035,1.1,Ia,-18.6,IMACS,10/15/2017,115,,,---,,,,,,
ASASSN-17hb_VLT_20171017.txt,ASASSN-17hb,Y,0.019117,1.2,Ia,,VLT,10/17/2017,134,,,25,,,,,,
2017dei_VLT_20171017.txt,2017dei,Y,0.019804,1.9,Ia,,VLT,10/17/2017,170,,,13,,,,,,
2017drh_Shane_20171025.txt,2017drh,Y,0.005554,1.3,Ia,,Shane,10/25/2017,160,,,7,,,,,,
2017cjt_PalomarRed_20171030.txt,2017cjt,Y,0.009376,---,Ia,---,PalomarRed,10/30/2017,216,1,,22,,,,,,
2017drh_PalomarRed_20171030.txt,2017drh,Y,0.005554,1.5,Ia,,PalomarRed,10/30/2017,164,,,13,,,,,,
2017emq_PalomarRed_20171030.txt,2017emq,Y,0.005247,1.1,Ia,,PalomarRed,10/30/2017,139,,,14,,,,,,
2017fzy_PalomarRed_20171030.txt,2017fzy,Y,0.014453,1.5,Ia,,PalomarRed,10/30/2017,77,,,23,,,,,,
2017ghu_PalomarRed_20171030.txt,2017ghu,Y ,0.017522,---,Ia,,PalomarRed,10/30/2017,72,,,25,,,,,,
ASASSN-17hz_PalomarRed_20171030.txt,ASASSN-17hz,Y ,0.017159,1,Ia,,PalomarRed,10/30/2017,119,,,17,,,,,,
2017dzs_VLT_20171117.txt,2017dzs,Y,0.017269,---,Ia,,VLT,11/17/2017,200,1,,30,,,,,,
---,2017fzy,Y,0.014453,1.5,Ia,,LBT,11/20/2017,98,,,---,,,,,,
2017ezd_LDSS3_20171123.txt,2017ezd,Y,0.018076,1.2,Ia,,LDSS3,11/23/2017,139,,,21,3*1200,3600,,,,20.3
2017cyy_LDSS3_20171123.txt,2017cyy,Y,0.009777,1.2,Ia,,LDSS3,11/23/2017,208,,,16,3*1200,3600,,,,
2017fgc_LDSS3_20171123.txt,2017fgc,Y,0.007722,1,Ia,,LDSS3,11/23/2017,121,,,24,1*600,600,,,,17.8
2017fzw_LDSS3_20171123.txt,2017fzw,Y ,0.0054,1.7,Ia-91bg,,LDSS3,11/23/2017,91,,,23,1*600,600,,,,17.8
ASASSN-17ho_LDSS3_20171123.txt,ASASSN-17ho,Y,0.017035,1.1,Ia,,LDSS3,11/23/2017,154,,,17,1*1800,1800,,,,
ASASSN-17hb_LDSS3_20171123.txt,ASASSN-17hb,Y,0.019117,1.2,Ia,,LDSS3,11/23/2017,170,,,27,3*1500,4500,,,,m_r ~ 21.2
ASASSN-17ip_LDSS3_20171123.txt,ASASSN-17ip,Y,0.018422,1,Ia,,LDSS3,11/23/2017,135,,,22,2*1200,2400,,,,
2017ckq_LDSS3_20171123.txt,2017ckq,Y ,0.009893,1.1,Ia,,LDSS3,11/23/2017,227,,,21,2*1200,2400,,,,
2017ekr_GTC_20171209.txt ,2017ekr,Y,0.019914,1.5,Ia,-18.9,GTC,12/09/2017,180,,,10,2*1800,3600,,,,
2017cfd_GTC_20171210.txt,2017cfd,Y,0.012085,---,Ia,,GTC,12/10/2017,245,,,4,2*1800,3600,,,,
2017cyy_VLT_20171211.txt,2017cyy,Y,0.009777,1.2,Ia,,VLT,12/11/2017,226,,,23,,,,,,
---,2017fgc,Y,0.007722,1,Ia,,WFCCD,12/16/2017,142,,,---,3*900,,,,,
---,2017gup,N,0.016,1,Ia,,LBT,12/24/2017,85,,,---,4*600*2,,,,Seeing deteriorating toward the end of second science exposure from 0.7 arcsec to 1.7 arcsec up to 2.3 on the guider for 3rd exposure,
---,2017cjt,Y,0.009376,---,Ia,,LBT,12/24/2017,270,,,---,3*1200*2,,,,,
---,2017fzy,Y,0.014453,1.5,Ia,,LBT,12/24/2017,133,,,---,3*1200*2,,,,,
---,ASASSN-17hz,Y ,0.017159,1,Ia,,LBT,12/24/2017,175,,,---,3*1200*2,,,,,
2017ekr_GTC_20171227.txt,2017ekr,Y,0.019914,1.5,Ia,,GTC,12/27/2017,198,,,11,2*1800,,,,,
2017fzy_GTC_20171227.txt,2017fzy,Y,0.014453,1.5,Ia,,GTC,12/27/2017,136,,,17,2*1800,,,,,
ASASSN-17mz_Palomar_20171228.txt,ASASSN-17mz,Y,0.0161,1.1,Ia,,Palomar,12/28/2017,78,,,41,3*900,,,,,
2017hle_Palomar_20171228.txt,2017hle,Y,0.015701,2.0,Ia-91bg,,Palomar,12/28/2017,65,,,5,3*1200,,,,m_r = 20.4,
2017gjn_Palomar_20171228.txt,2017gjn,Y,0.015120,1.0,Ia,,Palomar,12/28/2017,110,,,25,3*600,,,,,
2017gup_Palomar_20171228.txt,2017gup,N,0.0235,1,Ia,,Palomar,12/28/2017,89,,,16,3*1500,,,,,
2017fzw_Palomar_20171228.txt,2017fzw,Y ,0.0054,1.7,Ia-91bg,,Palomar,12/28/2017,126,,,18,3*900,,,,m_r = 18.9,
2017fzy_Palomar_20171228.txt,2017fzy,Y,0.014453,1.5,Ia,,Palomar,12/28/2017,137,,,0,3*2000,,,,"m_r ~ 21.2; blind offset, target not in slit ",
ASASSN-17hz_Palomar_20171228.txt,ASASSN-17hz,Y ,0.017159,1,Ia,,Palomar,12/28/2017,179,,,5,1*1500,,,,,
---,ASASSN-17hb,Y,0.019117,1.2,Ia,,GTC,01/04/2018,212,,,---,2*1800,,,,,
2017ejb_LDSS3_20180108.txt,2017ejb,Y,0.009867,2,Ia-91bg,,LDSS3,01/08/2018,214,,,9,5*2000,,,,quicklook spectrum from 4 exposures,23.1
2017ffv_LDSS3_20180108.txt,2017ffv,Y,0.01401,1.3,Ia,,LDSS3,01/08/2018,167,,,13,1*1800,,,,,20.8
2017fgc_LDSS3_20180108.txt,2017fgc,Y,0.007722,1,Ia,,LDSS3,01/08/2018,167,,,25,1*900,,,,,18.9
2017fzw_LDSS3_20180108.txt,2017fzw,Y,0.0054,1.7,Ia-91bg,,LDSS3,01/08/2018,137,,,18,1*1200,,,,,19.2
2017gbb_LDSS3_20180108.txt,2017gbb,Y,0.010422,---,Ia,,LDSS3,01/08/2018,151,,,20,1*1200,,,,,
2017glq_LDSS3_20180108.txt,2017glq,Y,0.011755,1.3,Ia,,LDSS3,01/08/2018,109,,,28,1*900,900,,,,m_r ~ 18.4
2017hoq_LDSS3_20180108.txt,2017hoq,N,0.02,1.2,Ia,,LDSS3,01/08/2018,64,,,25,1*1000,1000,,,,m_r ~ 18.6
ASASSN-17ip_LDSS3_20180108.txt,ASASSN-17ip,Y,0.018042,1,Ia,,LDSS3,01/08/2018,183,,,20,3*1800,5400,,,,
2017fzy_VLT_20180120.txt,2017fzy,Y,0.014453,1.5,Ia,,VLT,01/20/2018,157,,,17,,,,,,
2017ckq_VLT_20180120.txt,2017ckq,Y,0.009893,1.1,Ia,,VLT,01/20/2018,285,,,12,,,,,,
2017hpa_Palomar_20180124.txt,2017hpa,Y,0.015654,1.2,Ia,,Palomar,01/24/2018,75,,,30,3*900,,,,m_r = 18.1,
2017fzw_Palomar_20180124.txt,2017fzw,Y,0.0054,1.7,Ia-91bg,,Palomar,01/24/2018,153,,,9,3*1200,,,,m_r = 19.5,
2017gxq_Palomar_20180124.txt,2017gxq,Y,0.008406,1.2,Ia,,Palomar,01/24/2018,110,,,20,3*900,,,,m_r = 18.2,
2017isq_Palomar_20180124.txt,2017isq,Y,0.009393,---,Ia,,Palomar,01/24/2018,78,,,15,1*1200,,,,m_r = 17,
2017erp_Palomar_20180124.txt,2017erp,Y,0.006174,1.3,Ia,,Palomar,01/24/2018,208,,,18,3*1700,,,,m_r =19.9,
---,2017fgc,Y,0.007722,1,Ia,,MDM,02/01/2018,190,,,---,,,,,,
---,2017dit,Y,0.01859,1.2,Ia,,GTC,02/21/2018,285,,,---,,,,,,
2017fzy_GTC_20180224.txt,2017fzy,Y,0.014453,1.5,Ia,,GTC,02/24/2018,195,,,0,,,,,,
---,ASASSN-17hz,Y ,0.017159,1,Ia,,VLT,02/15/2018,228,,,---,,,,,,
2017hpa_LDSS3_20180308.txt,2017hpa,Y,0.015654,1.2,Ia,,LDSS3,03/08/2018,117,,,23,1*1500,,,,,m_r = 19.4
2017hoq_LDSS3_20180308.txt,2017hoq,N,0.02,1.2,Ia,,LDSS3,03/08/2018,122,,,21,1*1800,,,,,m_r  =20.2
2017fzw_LDSS3_20180308.txt,2017fzw,Y,0.0054,1.7,Ia-91bg,,LDSS3,03/08/2018,195,,,17,3*900,,,,,m_r  = 20.6
2017gbb_LDSS3_20180308.txt,2017gbb,Y,0.010422,---,Ia,,LDSS3,03/08/2018,210,,,15,3*900,,,,,m_r  = 20.6
2017iyb_LDSS3_20180308.txt,2017iyb,Y,0.010108,1.5,Ia,,LDSS3,03/08/2018,68,,,25,1*600,,,,,m_r  = 17.72
ASASSN-17qg_LDSS3_20180308.txt,ASASSN-17qg,Y,0.01933,---,Ia,,LDSS3,03/08/2018,93,,,23,1*900,,,,,m_r = 18.8
2017ghs_LDSS3_20180308.txt,2017ghs,Y,0.018146,---,Ia,,LDSS3,03/08/2018,214,,,11,5*1500,,,,,m_r = 22.45
2017cbv_LDSS3_20180308.txt,2017cbv,Y,0.00399,1,Ia,,LDSS3,03/08/2018,346,,,24,3*1200,,,,,m_r = 20.5
---,2017jfw,Y,0.014413,---,Ia-91bg,,LDSS3,03/08/2018,120,,,---,,,,,,m_r = 21.14
---,2017isq,Y,0.009393,---,Ia,,MDM,03/07/2018,120,,,---,,,,,,
2017hjw_LBT_20180314.txt,2017hjw,Y,0.016161,1.1,Ia,,LBT,03/14/2018,135,,,33,,,,,,
ASASSN-17pg_LBT_20180314.txt,ASASSN-17pg,Y,0.005624,1.7,Ia,,LBT,03/14/2018,106,,,16,,,,,,
---,2017ejb,Y,0.009867,2,Ia-91bg,,VLT,03/19/2018,287,,,---,,,,,,
---,2017ezd,Y,0.018076,1.2,Ia,,VLT,03/19/2018,256,,,---,,,,,,
2017erp_LDSS3_20180408.txt,2017erp,Y,0.006174,1.3,Ia,,LDSS3,04/07/2018,281,,,18,,,,,,
2017isq_LDSS3_20180408.txt,2017isq,Y,0.009393,---,Ia,,LDSS3,04/07/2018,151,,,39,,,,,,
2017fzw_LDSS3_20180408.txt,2017fzw,Y,0.0054,1.7,Ia-91bg,,LDSS3,04/07/2018,226,,,18,,,,,,
2017gah_LDSS3_20180408.txt,2017gah,Y,0.008906,1.7,Ia,,LDSS3,04/07/2018,228,,,11,,,,,,
2017hoq_LDSS3_20180408.txt,2017hoq,N,0.02,1.2,Ia,,LDSS3,04/07/2018,153,,,45,,,,,,
2017iyb_LDSS3_20180408.txt,2017iyb,Y,0.010108,1.5,Ia,,LDSS3,04/07/2018,100,,,19,,,,,,
2017izu_LDSS3_20180408.txt,2017izu,Y,0.016915,---,Ia,,LDSS3,04/07/2018,98,,,22,,,,,,
2017jfw_LDSS3_20180408.txt,2017jfw,Y,0.014413,---,Ia-91bg,,LDSS3,04/07/2018,140,1,,11,,,,,,
ASASSN-18an_LDSS3_20180408.txt,ASASSN-18an,Y,0.017906,1.9,Ia,,LDSS3,04/07/2018,77,,,12,,,,,,
ASASSN-17qg_LDSS3_20180408.txt,ASASSN-17gq,Y,0.01933,---,Ia,,LDSS3,04/07/2018,124,,,33,,,,,,
2017fzw_VLT_20180410.txt,2017fzw,Y,0.0054,1.7,Ia-91bg,,VLT,04/10/2018,229,,,14,,,,,,
---,2017isq,Y,0.009393,---,Ia,,VLT,05/15/2018,190,,,---,,,,,,
ASASSN-18an_VLT_20180518.txt,ASASSN-18an,Y,0.017906,1.9,Ia,,VLT,05/18/2018,118,,,17,,,,,,
ASASSN-17pg_GTC_20180522.txt,ASASSN-17pg,Y,0.005624,1.7,Ia,,GTC,05/22/2018,175,,,18,,,,,,
ASASSN-18an_LDSS3_20180603.txt,ASASSN-18an,Y,0.017906,1.9,Ia,,LDSS3,06/03/2018,134,,,17,5*1200,,,,,
ASASSN-17qg_LDSS3_20180603.txt,ASASSN-17qg,Y,0.01933,---,Ia,,LDSS3,06/03/2018,181,,,10,3*1200,,,,,
2018xx_LDSS3_20180603.txt,2018xx,Y,0.009990,1.3,Ia,,LDSS3,06/03/2018,90,,,27,3*200,,,,,
2017izu_LDSS3_20180603.txt,2017izu,Y,0.016915,---,Ia,,LDSS3,06/03/2018,155,,,21,3*600,,,,,
ASASSN-18en_LDSS3_20180603.txt,ASASSN-18en,Y,0.013763,1.7,Ia,,LDSS3,06/03/2018,83,,,25,3*300,,,,,
2017cbv_LDSS3_20180603.txt,2017cbv,Y,0.00399,1,Ia,,LDSS3,06/03/2018,434,,,5,3*1500,,,,,
2017bzc_LDSS3_20180603.txt,2017bzc,Y,0.005365,---,Ia,,LDSS3,06/03/2018,445,,,3,4*1500,,,,,
2017gah_VLT_20180611.txt,2017gah,Y,0.008906,1.7,Ia,,VLT,06/11/2018,293,,,4,,,,,,
ASASSN-18an_VLT_20180613.txt,ASASSN-18an,Y,0.017906,1.9,Ia,,VLT,06/13/2018,144,,,16,,,,,,
---,2017gxq?,Y,0.008406,1.2,Ia,,LBT,06/?/2018,,,,---,,,,,,
---,ASASSN-17pg?,Y,0.005624,1.7,Ia,,LBT,06/?/2018,,,,---,,,,,,
2017fgc_LDSS3_20180621_partobs.txt,2017fgc,Y,0.007722,1,Ia,,LDSS3,06/21/2018,330,,,10,1700+2*1500,,,,,
2017gah_LDSS3_20180621.txt,2017gah,Y,0.008906,1.7,Ia,,LDSS3,06/21/2018,302,,,12,7*1800+1720,,,,,
2017izu_LDSS3_20180621.txt,2017izu,Y,0.016915,---,Ia,,LDSS3,06/21/2018,172,,,16,3*1200,,,,,
2018xx_LDSS3_20180621.txt,2018xx,Y,0.009990,1.3,Ia,,LDSS3,06/21/2018,107,,,40,3*150,,,,,
ASASSN-18en_LDSS3_20180621.txt,ASASSN-18en,Y,0.013763,1.7,Ia,,LDSS3,06/21/2018,100,,,28,3*900,,,,,
ASASSN-18en_LDSS3_20180804.txt,ASASSN-18en,Y,0.013763,1.7,Ia,,LDSS3,08/04/2018,145,,,16,4*,,,,,
---,ASASSN-18da,N,0.02,0.9,Ia,,LDSS3,08/04/2018,157,,,---,,,,,,
---,2018yu,Y,0.008112,1.2,Ia,,LDSS3,08/04/2018,140,,,---,,,,,,
2017fgc_VLT_20180808.txt,2017fgc,Y,0.007722,1,Ia,,VLT,08/09/2018,380,,,7,,,,,,
2017glq_VLT_20180817.txt,2017glq,Y,0.011755,1.3,Ia,,VLT,08/17/2018,330,,,10,,,,,,
ASASSN-18iu_Palomar_20180817.txt,ASASSN-18iu,Y,0.0223,1.3,Ia,,Palomar,08/17/2018,105,,,28,3*1200,,,,host galaxy observed simultaneously,
ASASSN-18nt_Palomar_20180817.txt,ASASSN-18nt,N,0.018,2,Ia-91bg,,Palomar,08/17/2018,54,,,15,3*900,,,,,
---,2017glq,Y,0.011755,1.3,Ia,,GTC,08/25/2018,338,,,---,,,,,,
2018big_Palomar_20180907.txt,2018big,Y,0.01815,1.2,Ia,,Palomar,09/07/2018,103,,,20,,,,,,
2018yu_Palomar_20180907.txt,2018yu,Y,0.008112,1.2,Ia,,Palomar,09/07/2018,174,,,31,3*900,,,,,
ASASSN-18iu_Palomar_20180907.txt,ASASSN-18iu,Y,0.0223,1.3,Ia,,Palomar,09/07/2018,125,,,28,3*1000,,,,,
ASASSN-18nt_Palomar_20180907.txt,ASASSN-18nt,N,0.018,2,Ia-91bg,,Palomar,09/07/2018,75,,,15,3*1200,,,,,
---,2017hpa,Y,0.015654,1.2,Ia,,VLT,09/07/2018,300,,,---,2*1300,,,,,
---,2017iyb,Y,0.010108,1.5,Ia,,VLT,09/10/2018,255,,,---,2*1300,,,,,
---,2017iyb,Y,0.010108,1.5,Ia,,VLT,09/20/2018,265,,,---,2*1300,,,,,
---,ASASSN-18da,N,0.02,0.9,Ia,,VLT,10/08/2018,222,,,---,2*1450,,,,,
---,2018gv,Y,0.005274,1,Ia,,LDSS3,10/12/2018,255,,,---,2*1800+1200,,,,Tom's run,
---,2017iyb,Y,0.010108,1.5,Ia,,VLT,11/03/2018,310,,,---,,,,,,
---,2018yu,Y,0.008112,1.2,Ia,,VLT,11/10/2018,237,,,---,2*1450,,,,,
ASASSN-18nt_Keck_20181202.txt,ASASSN-18nt,N,0.018,2,Ia-91bg,,Keck,12/02/2018,160,,,---,3*1200,,,,,
---,ASASSN-18nt,N,0.018,2,Ia-91bg,,VLT,12/04/2018,163,,,---,2*1450,,,,,
---,ASASSN-18nt,N,0.018,2,Ia-91bg,,VLT,12/06/2018,165,,,---,2*1450,,,,,
---,ASASSN-18hb,Y,0.012509,1.2,Ia,,VLT,12/08/2018,240,,,---,2*1450,,,,,
---,ASASSN-18od,Y,0.018229,1,Ia,,VLT,12/10/2018,150,,,---,2*1450,,,,,